<?xml version="1.0" ?>
<ipxact:design xmlns:ipxact="http://www.accellera.org/XMLSchema/IPXACT/1685-2014" xmlns:lattice="http://www.latticesemi.com/lattice" xmlns:lsccip="http://www.latticesemi.com/XMLSchema/Radiant/ip">
    <ipxact:vendor>latticesemi.com</ipxact:vendor>
    <ipxact:library>ip</ipxact:library>
    <ipxact:name>Rx_MIPI_CSI2</ipxact:name>
    <ipxact:version>1.4.0</ipxact:version>
    <ipxact:componentInstances>
        <ipxact:componentInstance>
            <ipxact:instanceName>lscc_dphy_rx_inst</ipxact:instanceName>
            <ipxact:componentRef library="ip" name="dphy_rx" vendor="latticesemi.com" version="1.4.0">
                <ipxact:configurableElementValues>
                    <ipxact:configurableElementValue referenceId="FAMILY">LIFCL</ipxact:configurableElementValue>
                    <ipxact:configurableElementValue referenceId="DEVICE">LIFCL-40</ipxact:configurableElementValue>
                    <ipxact:configurableElementValue referenceId="RX_TYPE">CSI2</ipxact:configurableElementValue>
                    <ipxact:configurableElementValue referenceId="DPHY_RX_IP">MIXEL</ipxact:configurableElementValue>
                    <ipxact:configurableElementValue referenceId="DATA_R_WIDTH">32</ipxact:configurableElementValue>
                    <ipxact:configurableElementValue referenceId="NUM_RX_LANE">4</ipxact:configurableElementValue>
                    <ipxact:configurableElementValue referenceId="RX_GEAR_INPUT">8</ipxact:configurableElementValue>
                    <ipxact:configurableElementValue referenceId="RX_GEAR">8</ipxact:configurableElementValue>
                    <ipxact:configurableElementValue referenceId="CIL_BYPASS">True</ipxact:configurableElementValue>
                    <ipxact:configurableElementValue referenceId="LMMI">False</ipxact:configurableElementValue>
                    <ipxact:configurableElementValue referenceId="AXI4">False</ipxact:configurableElementValue>
                    <ipxact:configurableElementValue referenceId="DESKEW_INPUT">False</ipxact:configurableElementValue>
                    <ipxact:configurableElementValue referenceId="DESKEW_EN">DISABLED</ipxact:configurableElementValue>
                    <ipxact:configurableElementValue referenceId="RX_LINE_RATE">1320.0</ipxact:configurableElementValue>
                    <ipxact:configurableElementValue referenceId="DPHY_CLK_FREQ">660.0</ipxact:configurableElementValue>
                    <ipxact:configurableElementValue referenceId="HSEL">DISABLED</ipxact:configurableElementValue>
                    <ipxact:configurableElementValue referenceId="TEST_PATTERN">0b10000000001000000000000000000000</ipxact:configurableElementValue>
                    <ipxact:configurableElementValue referenceId="RX_CLK_MODE">HS_ONLY</ipxact:configurableElementValue>
                    <ipxact:configurableElementValue referenceId="BYTECLK_MHZ">165</ipxact:configurableElementValue>
                    <ipxact:configurableElementValue referenceId="BYTECLK_MHZ_FLOAT">165.0</ipxact:configurableElementValue>
                    <ipxact:configurableElementValue referenceId="SYNCCLK_MHZ">60.0</ipxact:configurableElementValue>
                    <ipxact:configurableElementValue referenceId="DATA_SETTLE_CYC_EN">False</ipxact:configurableElementValue>
                    <ipxact:configurableElementValue referenceId="DATA_SETTLE_CYC">16</ipxact:configurableElementValue>
                    <ipxact:configurableElementValue referenceId="T_DATA_SETTLE_EN">False</ipxact:configurableElementValue>
                    <ipxact:configurableElementValue referenceId="T_DATA_SETTLE_INT">6</ipxact:configurableElementValue>
                    <ipxact:configurableElementValue referenceId="T_DATA_SETTLE">0b000110</ipxact:configurableElementValue>
                    <ipxact:configurableElementValue referenceId="T_CLK_SETTLE_EN">False</ipxact:configurableElementValue>
                    <ipxact:configurableElementValue referenceId="T_CLK_SETTLE_INT">9</ipxact:configurableElementValue>
                    <ipxact:configurableElementValue referenceId="T_CLK_SETTLE">0b001001</ipxact:configurableElementValue>
                    <ipxact:configurableElementValue referenceId="PARSER">True</ipxact:configurableElementValue>
                    <ipxact:configurableElementValue referenceId="MISC_ON">False</ipxact:configurableElementValue>
                    <ipxact:configurableElementValue referenceId="LANE_ALIGN">False</ipxact:configurableElementValue>
                    <ipxact:configurableElementValue referenceId="FIFO_DEPTH">4</ipxact:configurableElementValue>
                    <ipxact:configurableElementValue referenceId="FIFO_TYPE">EBR</ipxact:configurableElementValue>
                    <ipxact:configurableElementValue referenceId="RX_FIFO">True</ipxact:configurableElementValue>
                    <ipxact:configurableElementValue referenceId="RX_FIFO_IMPL">EBR</ipxact:configurableElementValue>
                    <ipxact:configurableElementValue referenceId="RX_FIFO_DEPTH">512</ipxact:configurableElementValue>
                    <ipxact:configurableElementValue referenceId="NUM_QUE_ENT">4</ipxact:configurableElementValue>
                    <ipxact:configurableElementValue referenceId="RX_FIFO_TYPE">PINGPONG</ipxact:configurableElementValue>
                    <ipxact:configurableElementValue referenceId="RX_FIFO_PKT_DLY">8</ipxact:configurableElementValue>
                    <ipxact:configurableElementValue referenceId="RX_FIFO_CTR_WIDTH">4</ipxact:configurableElementValue>
                    <ipxact:configurableElementValue referenceId="FR_FIFO_CLKMODE">DC</ipxact:configurableElementValue>
                    <ipxact:configurableElementValue referenceId="FIFO_IF">CENTERED</ipxact:configurableElementValue>
                    <ipxact:configurableElementValue referenceId="RX_FIFO_MISC">False</ipxact:configurableElementValue>
                </ipxact:configurableElementValues>
            </ipxact:componentRef>
        </ipxact:componentInstance>
    </ipxact:componentInstances>
    <ipxact:adHocConnections>
        <ipxact:adHocConnection>
            <ipxact:name>Rx_MIPI_CSI2.lmmi_clk_i</ipxact:name>
            <ipxact:tiedValue>1'b0</ipxact:tiedValue>
            <ipxact:portReferences>
                <ipxact:internalPortReference componentRef="Rx_MIPI_CSI2" portRef="lmmi_clk_i"/>
            </ipxact:portReferences>
        </ipxact:adHocConnection>
        <ipxact:adHocConnection>
            <ipxact:name>Rx_MIPI_CSI2.lmmi_resetn_i</ipxact:name>
            <ipxact:tiedValue>1'b0</ipxact:tiedValue>
            <ipxact:portReferences>
                <ipxact:internalPortReference componentRef="Rx_MIPI_CSI2" portRef="lmmi_resetn_i"/>
            </ipxact:portReferences>
        </ipxact:adHocConnection>
        <ipxact:adHocConnection>
            <ipxact:name>Rx_MIPI_CSI2.lmmi_wdata_i</ipxact:name>
            <ipxact:tiedValue>1'b0</ipxact:tiedValue>
            <ipxact:portReferences>
                <ipxact:internalPortReference componentRef="Rx_MIPI_CSI2" portRef="lmmi_wdata_i"/>
            </ipxact:portReferences>
        </ipxact:adHocConnection>
        <ipxact:adHocConnection>
            <ipxact:name>Rx_MIPI_CSI2.lmmi_rdata_o</ipxact:name>
            <ipxact:tiedValue>open</ipxact:tiedValue>
            <ipxact:portReferences>
                <ipxact:internalPortReference componentRef="Rx_MIPI_CSI2" portRef="lmmi_rdata_o"/>
            </ipxact:portReferences>
        </ipxact:adHocConnection>
        <ipxact:adHocConnection>
            <ipxact:name>Rx_MIPI_CSI2.lmmi_rdata_valid_o</ipxact:name>
            <ipxact:tiedValue>open</ipxact:tiedValue>
            <ipxact:portReferences>
                <ipxact:internalPortReference componentRef="Rx_MIPI_CSI2" portRef="lmmi_rdata_valid_o"/>
            </ipxact:portReferences>
        </ipxact:adHocConnection>
        <ipxact:adHocConnection>
            <ipxact:name>Rx_MIPI_CSI2.lmmi_wr_rdn_i</ipxact:name>
            <ipxact:tiedValue>1'b0</ipxact:tiedValue>
            <ipxact:portReferences>
                <ipxact:internalPortReference componentRef="Rx_MIPI_CSI2" portRef="lmmi_wr_rdn_i"/>
            </ipxact:portReferences>
        </ipxact:adHocConnection>
        <ipxact:adHocConnection>
            <ipxact:name>Rx_MIPI_CSI2.lmmi_offset_i</ipxact:name>
            <ipxact:tiedValue>1'b0</ipxact:tiedValue>
            <ipxact:portReferences>
                <ipxact:internalPortReference componentRef="Rx_MIPI_CSI2" portRef="lmmi_offset_i"/>
            </ipxact:portReferences>
        </ipxact:adHocConnection>
        <ipxact:adHocConnection>
            <ipxact:name>Rx_MIPI_CSI2.lmmi_request_i</ipxact:name>
            <ipxact:tiedValue>1'b0</ipxact:tiedValue>
            <ipxact:portReferences>
                <ipxact:internalPortReference componentRef="Rx_MIPI_CSI2" portRef="lmmi_request_i"/>
            </ipxact:portReferences>
        </ipxact:adHocConnection>
        <ipxact:adHocConnection>
            <ipxact:name>Rx_MIPI_CSI2.lmmi_ready_o</ipxact:name>
            <ipxact:tiedValue>open</ipxact:tiedValue>
            <ipxact:portReferences>
                <ipxact:internalPortReference componentRef="Rx_MIPI_CSI2" portRef="lmmi_ready_o"/>
            </ipxact:portReferences>
        </ipxact:adHocConnection>
        <ipxact:adHocConnection>
            <ipxact:name>Rx_MIPI_CSI2.axis_mtvalid_o</ipxact:name>
            <ipxact:tiedValue>open</ipxact:tiedValue>
            <ipxact:portReferences>
                <ipxact:internalPortReference componentRef="Rx_MIPI_CSI2" portRef="axis_mtvalid_o"/>
            </ipxact:portReferences>
        </ipxact:adHocConnection>
        <ipxact:adHocConnection>
            <ipxact:name>Rx_MIPI_CSI2.axis_mtdata_o</ipxact:name>
            <ipxact:tiedValue>open</ipxact:tiedValue>
            <ipxact:portReferences>
                <ipxact:internalPortReference componentRef="Rx_MIPI_CSI2" portRef="axis_mtdata_o"/>
            </ipxact:portReferences>
        </ipxact:adHocConnection>
        <ipxact:adHocConnection>
            <ipxact:name>Rx_MIPI_CSI2.axis_stready_i</ipxact:name>
            <ipxact:tiedValue>1'b0</ipxact:tiedValue>
            <ipxact:portReferences>
                <ipxact:internalPortReference componentRef="Rx_MIPI_CSI2" portRef="axis_stready_i"/>
            </ipxact:portReferences>
        </ipxact:adHocConnection>
        <ipxact:adHocConnection>
            <ipxact:name>Rx_MIPI_CSI2.pll_lock_i</ipxact:name>
            <ipxact:tiedValue>1'b0</ipxact:tiedValue>
            <ipxact:portReferences>
                <ipxact:internalPortReference componentRef="Rx_MIPI_CSI2" portRef="pll_lock_i"/>
            </ipxact:portReferences>
        </ipxact:adHocConnection>
        <ipxact:adHocConnection>
            <ipxact:name>Rx_MIPI_CSI2.sync_clk_i</ipxact:name>
            <ipxact:tiedValue>1'b0</ipxact:tiedValue>
            <ipxact:portReferences>
                <ipxact:internalPortReference componentRef="Rx_MIPI_CSI2" portRef="sync_clk_i"/>
            </ipxact:portReferences>
        </ipxact:adHocConnection>
        <ipxact:adHocConnection>
            <ipxact:name>Rx_MIPI_CSI2.sync_rst_i</ipxact:name>
            <ipxact:tiedValue>1'b0</ipxact:tiedValue>
            <ipxact:portReferences>
                <ipxact:internalPortReference componentRef="Rx_MIPI_CSI2" portRef="sync_rst_i"/>
            </ipxact:portReferences>
        </ipxact:adHocConnection>
        <ipxact:adHocConnection>
            <ipxact:name>Rx_MIPI_CSI2.ready_o</ipxact:name>
            <ipxact:tiedValue>open</ipxact:tiedValue>
            <ipxact:portReferences>
                <ipxact:internalPortReference componentRef="Rx_MIPI_CSI2" portRef="ready_o"/>
            </ipxact:portReferences>
        </ipxact:adHocConnection>
        <ipxact:adHocConnection>
            <ipxact:name>Rx_MIPI_CSI2.clk_byte_o</ipxact:name>
            <ipxact:portReferences>
                <ipxact:internalPortReference componentRef="Rx_MIPI_CSI2" portRef="clk_byte_o"/>
                <ipxact:externalPortReference portRef="clk_byte_o"/>
            </ipxact:portReferences>
        </ipxact:adHocConnection>
        <ipxact:adHocConnection>
            <ipxact:name>Rx_MIPI_CSI2.clk_byte_hs_o</ipxact:name>
            <ipxact:portReferences>
                <ipxact:internalPortReference componentRef="Rx_MIPI_CSI2" portRef="clk_byte_hs_o"/>
                <ipxact:externalPortReference portRef="clk_byte_hs_o"/>
            </ipxact:portReferences>
        </ipxact:adHocConnection>
        <ipxact:adHocConnection>
            <ipxact:name>Rx_MIPI_CSI2.clk_lp_ctrl_i</ipxact:name>
            <ipxact:tiedValue>1'b0</ipxact:tiedValue>
            <ipxact:portReferences>
                <ipxact:internalPortReference componentRef="Rx_MIPI_CSI2" portRef="clk_lp_ctrl_i"/>
            </ipxact:portReferences>
        </ipxact:adHocConnection>
        <ipxact:adHocConnection>
            <ipxact:name>Rx_MIPI_CSI2.clk_byte_fr_i</ipxact:name>
            <ipxact:portReferences>
                <ipxact:internalPortReference componentRef="Rx_MIPI_CSI2" portRef="clk_byte_fr_i"/>
                <ipxact:externalPortReference portRef="clk_byte_fr_i"/>
            </ipxact:portReferences>
        </ipxact:adHocConnection>
        <ipxact:adHocConnection>
            <ipxact:name>Rx_MIPI_CSI2.reset_n_i</ipxact:name>
            <ipxact:portReferences>
                <ipxact:internalPortReference componentRef="Rx_MIPI_CSI2" portRef="reset_n_i"/>
                <ipxact:externalPortReference portRef="reset_n_i"/>
            </ipxact:portReferences>
        </ipxact:adHocConnection>
        <ipxact:adHocConnection>
            <ipxact:name>Rx_MIPI_CSI2.reset_lp_n_i</ipxact:name>
            <ipxact:tiedValue>1'b0</ipxact:tiedValue>
            <ipxact:portReferences>
                <ipxact:internalPortReference componentRef="Rx_MIPI_CSI2" portRef="reset_lp_n_i"/>
            </ipxact:portReferences>
        </ipxact:adHocConnection>
        <ipxact:adHocConnection>
            <ipxact:name>Rx_MIPI_CSI2.reset_byte_n_i</ipxact:name>
            <ipxact:portReferences>
                <ipxact:internalPortReference componentRef="Rx_MIPI_CSI2" portRef="reset_byte_n_i"/>
                <ipxact:externalPortReference portRef="reset_byte_n_i"/>
            </ipxact:portReferences>
        </ipxact:adHocConnection>
        <ipxact:adHocConnection>
            <ipxact:name>Rx_MIPI_CSI2.reset_byte_fr_n_i</ipxact:name>
            <ipxact:portReferences>
                <ipxact:internalPortReference componentRef="Rx_MIPI_CSI2" portRef="reset_byte_fr_n_i"/>
                <ipxact:externalPortReference portRef="reset_byte_fr_n_i"/>
            </ipxact:portReferences>
        </ipxact:adHocConnection>
        <ipxact:adHocConnection>
            <ipxact:name>Rx_MIPI_CSI2.clk_p_io</ipxact:name>
            <ipxact:portReferences>
                <ipxact:internalPortReference componentRef="Rx_MIPI_CSI2" portRef="clk_p_io"/>
                <ipxact:externalPortReference portRef="clk_p_io"/>
            </ipxact:portReferences>
        </ipxact:adHocConnection>
        <ipxact:adHocConnection>
            <ipxact:name>Rx_MIPI_CSI2.clk_n_io</ipxact:name>
            <ipxact:portReferences>
                <ipxact:internalPortReference componentRef="Rx_MIPI_CSI2" portRef="clk_n_io"/>
                <ipxact:externalPortReference portRef="clk_n_io"/>
            </ipxact:portReferences>
        </ipxact:adHocConnection>
        <ipxact:adHocConnection>
            <ipxact:name>Rx_MIPI_CSI2.d_p_io</ipxact:name>
            <ipxact:portReferences>
                <ipxact:internalPortReference componentRef="Rx_MIPI_CSI2" portRef="d_p_io"/>
                <ipxact:externalPortReference portRef="d_p_io">
                    <ipxact:partSelect>
                        <ipxact:range>
                            <ipxact:left>3</ipxact:left>
                            <ipxact:right>0</ipxact:right>
                        </ipxact:range>
                    </ipxact:partSelect>
                </ipxact:externalPortReference>
            </ipxact:portReferences>
        </ipxact:adHocConnection>
        <ipxact:adHocConnection>
            <ipxact:name>Rx_MIPI_CSI2.d_n_io</ipxact:name>
            <ipxact:portReferences>
                <ipxact:internalPortReference componentRef="Rx_MIPI_CSI2" portRef="d_n_io"/>
                <ipxact:externalPortReference portRef="d_n_io">
                    <ipxact:partSelect>
                        <ipxact:range>
                            <ipxact:left>3</ipxact:left>
                            <ipxact:right>0</ipxact:right>
                        </ipxact:range>
                    </ipxact:partSelect>
                </ipxact:externalPortReference>
            </ipxact:portReferences>
        </ipxact:adHocConnection>
        <ipxact:adHocConnection>
            <ipxact:name>Rx_MIPI_CSI2.lp_d_rx_p_o</ipxact:name>
            <ipxact:portReferences>
                <ipxact:internalPortReference componentRef="Rx_MIPI_CSI2" portRef="lp_d_rx_p_o"/>
                <ipxact:externalPortReference portRef="lp_d_rx_p_o">
                    <ipxact:partSelect>
                        <ipxact:range>
                            <ipxact:left>3</ipxact:left>
                            <ipxact:right>0</ipxact:right>
                        </ipxact:range>
                    </ipxact:partSelect>
                </ipxact:externalPortReference>
            </ipxact:portReferences>
        </ipxact:adHocConnection>
        <ipxact:adHocConnection>
            <ipxact:name>Rx_MIPI_CSI2.lp_d_rx_n_o</ipxact:name>
            <ipxact:portReferences>
                <ipxact:internalPortReference componentRef="Rx_MIPI_CSI2" portRef="lp_d_rx_n_o"/>
                <ipxact:externalPortReference portRef="lp_d_rx_n_o">
                    <ipxact:partSelect>
                        <ipxact:range>
                            <ipxact:left>3</ipxact:left>
                            <ipxact:right>0</ipxact:right>
                        </ipxact:range>
                    </ipxact:partSelect>
                </ipxact:externalPortReference>
            </ipxact:portReferences>
        </ipxact:adHocConnection>
        <ipxact:adHocConnection>
            <ipxact:name>Rx_MIPI_CSI2.bd_o</ipxact:name>
            <ipxact:portReferences>
                <ipxact:internalPortReference componentRef="Rx_MIPI_CSI2" portRef="bd_o"/>
                <ipxact:externalPortReference portRef="bd_o">
                    <ipxact:partSelect>
                        <ipxact:range>
                            <ipxact:left>31</ipxact:left>
                            <ipxact:right>0</ipxact:right>
                        </ipxact:range>
                    </ipxact:partSelect>
                </ipxact:externalPortReference>
            </ipxact:portReferences>
        </ipxact:adHocConnection>
        <ipxact:adHocConnection>
            <ipxact:name>Rx_MIPI_CSI2.cd_clk_o</ipxact:name>
            <ipxact:tiedValue>open</ipxact:tiedValue>
            <ipxact:portReferences>
                <ipxact:internalPortReference componentRef="Rx_MIPI_CSI2" portRef="cd_clk_o"/>
            </ipxact:portReferences>
        </ipxact:adHocConnection>
        <ipxact:adHocConnection>
            <ipxact:name>Rx_MIPI_CSI2.cd_d0_o</ipxact:name>
            <ipxact:tiedValue>open</ipxact:tiedValue>
            <ipxact:portReferences>
                <ipxact:internalPortReference componentRef="Rx_MIPI_CSI2" portRef="cd_d0_o"/>
            </ipxact:portReferences>
        </ipxact:adHocConnection>
        <ipxact:adHocConnection>
            <ipxact:name>Rx_MIPI_CSI2.hs_d_en_o</ipxact:name>
            <ipxact:tiedValue>open</ipxact:tiedValue>
            <ipxact:portReferences>
                <ipxact:internalPortReference componentRef="Rx_MIPI_CSI2" portRef="hs_d_en_o"/>
            </ipxact:portReferences>
        </ipxact:adHocConnection>
        <ipxact:adHocConnection>
            <ipxact:name>Rx_MIPI_CSI2.hs_sync_o</ipxact:name>
            <ipxact:portReferences>
                <ipxact:internalPortReference componentRef="Rx_MIPI_CSI2" portRef="hs_sync_o"/>
                <ipxact:externalPortReference portRef="hs_sync_o"/>
            </ipxact:portReferences>
        </ipxact:adHocConnection>
        <ipxact:adHocConnection>
            <ipxact:name>Rx_MIPI_CSI2.lp_hs_state_clk_o</ipxact:name>
            <ipxact:tiedValue>open</ipxact:tiedValue>
            <ipxact:portReferences>
                <ipxact:internalPortReference componentRef="Rx_MIPI_CSI2" portRef="lp_hs_state_clk_o"/>
            </ipxact:portReferences>
        </ipxact:adHocConnection>
        <ipxact:adHocConnection>
            <ipxact:name>Rx_MIPI_CSI2.lp_hs_state_d_o</ipxact:name>
            <ipxact:tiedValue>open</ipxact:tiedValue>
            <ipxact:portReferences>
                <ipxact:internalPortReference componentRef="Rx_MIPI_CSI2" portRef="lp_hs_state_d_o"/>
            </ipxact:portReferences>
        </ipxact:adHocConnection>
        <ipxact:adHocConnection>
            <ipxact:name>Rx_MIPI_CSI2.term_clk_en_o</ipxact:name>
            <ipxact:tiedValue>open</ipxact:tiedValue>
            <ipxact:portReferences>
                <ipxact:internalPortReference componentRef="Rx_MIPI_CSI2" portRef="term_clk_en_o"/>
            </ipxact:portReferences>
        </ipxact:adHocConnection>
        <ipxact:adHocConnection>
            <ipxact:name>Rx_MIPI_CSI2.term_d_en_o</ipxact:name>
            <ipxact:tiedValue>open</ipxact:tiedValue>
            <ipxact:portReferences>
                <ipxact:internalPortReference componentRef="Rx_MIPI_CSI2" portRef="term_d_en_o"/>
            </ipxact:portReferences>
        </ipxact:adHocConnection>
        <ipxact:adHocConnection>
            <ipxact:name>Rx_MIPI_CSI2.payload_en_o</ipxact:name>
            <ipxact:portReferences>
                <ipxact:internalPortReference componentRef="Rx_MIPI_CSI2" portRef="payload_en_o"/>
                <ipxact:externalPortReference portRef="payload_en_o"/>
            </ipxact:portReferences>
        </ipxact:adHocConnection>
        <ipxact:adHocConnection>
            <ipxact:name>Rx_MIPI_CSI2.payload_o</ipxact:name>
            <ipxact:portReferences>
                <ipxact:internalPortReference componentRef="Rx_MIPI_CSI2" portRef="payload_o"/>
                <ipxact:externalPortReference portRef="payload_o">
                    <ipxact:partSelect>
                        <ipxact:range>
                            <ipxact:left>31</ipxact:left>
                            <ipxact:right>0</ipxact:right>
                        </ipxact:range>
                    </ipxact:partSelect>
                </ipxact:externalPortReference>
            </ipxact:portReferences>
        </ipxact:adHocConnection>
        <ipxact:adHocConnection>
            <ipxact:name>Rx_MIPI_CSI2.dt_o</ipxact:name>
            <ipxact:portReferences>
                <ipxact:internalPortReference componentRef="Rx_MIPI_CSI2" portRef="dt_o"/>
                <ipxact:externalPortReference portRef="dt_o">
                    <ipxact:partSelect>
                        <ipxact:range>
                            <ipxact:left>5</ipxact:left>
                            <ipxact:right>0</ipxact:right>
                        </ipxact:range>
                    </ipxact:partSelect>
                </ipxact:externalPortReference>
            </ipxact:portReferences>
        </ipxact:adHocConnection>
        <ipxact:adHocConnection>
            <ipxact:name>Rx_MIPI_CSI2.vc_o</ipxact:name>
            <ipxact:portReferences>
                <ipxact:internalPortReference componentRef="Rx_MIPI_CSI2" portRef="vc_o"/>
                <ipxact:externalPortReference portRef="vc_o">
                    <ipxact:partSelect>
                        <ipxact:range>
                            <ipxact:left>1</ipxact:left>
                            <ipxact:right>0</ipxact:right>
                        </ipxact:range>
                    </ipxact:partSelect>
                </ipxact:externalPortReference>
            </ipxact:portReferences>
        </ipxact:adHocConnection>
        <ipxact:adHocConnection>
            <ipxact:name>Rx_MIPI_CSI2.wc_o</ipxact:name>
            <ipxact:portReferences>
                <ipxact:internalPortReference componentRef="Rx_MIPI_CSI2" portRef="wc_o"/>
                <ipxact:externalPortReference portRef="wc_o">
                    <ipxact:partSelect>
                        <ipxact:range>
                            <ipxact:left>15</ipxact:left>
                            <ipxact:right>0</ipxact:right>
                        </ipxact:range>
                    </ipxact:partSelect>
                </ipxact:externalPortReference>
            </ipxact:portReferences>
        </ipxact:adHocConnection>
        <ipxact:adHocConnection>
            <ipxact:name>Rx_MIPI_CSI2.ecc_o</ipxact:name>
            <ipxact:portReferences>
                <ipxact:internalPortReference componentRef="Rx_MIPI_CSI2" portRef="ecc_o"/>
                <ipxact:externalPortReference portRef="ecc_o">
                    <ipxact:partSelect>
                        <ipxact:range>
                            <ipxact:left>7</ipxact:left>
                            <ipxact:right>0</ipxact:right>
                        </ipxact:range>
                    </ipxact:partSelect>
                </ipxact:externalPortReference>
            </ipxact:portReferences>
        </ipxact:adHocConnection>
        <ipxact:adHocConnection>
            <ipxact:name>Rx_MIPI_CSI2.dt2_o</ipxact:name>
            <ipxact:tiedValue>open</ipxact:tiedValue>
            <ipxact:portReferences>
                <ipxact:internalPortReference componentRef="Rx_MIPI_CSI2" portRef="dt2_o"/>
            </ipxact:portReferences>
        </ipxact:adHocConnection>
        <ipxact:adHocConnection>
            <ipxact:name>Rx_MIPI_CSI2.vc2_o</ipxact:name>
            <ipxact:tiedValue>open</ipxact:tiedValue>
            <ipxact:portReferences>
                <ipxact:internalPortReference componentRef="Rx_MIPI_CSI2" portRef="vc2_o"/>
            </ipxact:portReferences>
        </ipxact:adHocConnection>
        <ipxact:adHocConnection>
            <ipxact:name>Rx_MIPI_CSI2.wc2_o</ipxact:name>
            <ipxact:tiedValue>open</ipxact:tiedValue>
            <ipxact:portReferences>
                <ipxact:internalPortReference componentRef="Rx_MIPI_CSI2" portRef="wc2_o"/>
            </ipxact:portReferences>
        </ipxact:adHocConnection>
        <ipxact:adHocConnection>
            <ipxact:name>Rx_MIPI_CSI2.ecc2_o</ipxact:name>
            <ipxact:tiedValue>open</ipxact:tiedValue>
            <ipxact:portReferences>
                <ipxact:internalPortReference componentRef="Rx_MIPI_CSI2" portRef="ecc2_o"/>
            </ipxact:portReferences>
        </ipxact:adHocConnection>
        <ipxact:adHocConnection>
            <ipxact:name>Rx_MIPI_CSI2.bd0_o</ipxact:name>
            <ipxact:tiedValue>open</ipxact:tiedValue>
            <ipxact:portReferences>
                <ipxact:internalPortReference componentRef="Rx_MIPI_CSI2" portRef="bd0_o"/>
            </ipxact:portReferences>
        </ipxact:adHocConnection>
        <ipxact:adHocConnection>
            <ipxact:name>Rx_MIPI_CSI2.bd1_o</ipxact:name>
            <ipxact:tiedValue>open</ipxact:tiedValue>
            <ipxact:portReferences>
                <ipxact:internalPortReference componentRef="Rx_MIPI_CSI2" portRef="bd1_o"/>
            </ipxact:portReferences>
        </ipxact:adHocConnection>
        <ipxact:adHocConnection>
            <ipxact:name>Rx_MIPI_CSI2.bd2_o</ipxact:name>
            <ipxact:tiedValue>open</ipxact:tiedValue>
            <ipxact:portReferences>
                <ipxact:internalPortReference componentRef="Rx_MIPI_CSI2" portRef="bd2_o"/>
            </ipxact:portReferences>
        </ipxact:adHocConnection>
        <ipxact:adHocConnection>
            <ipxact:name>Rx_MIPI_CSI2.bd3_o</ipxact:name>
            <ipxact:tiedValue>open</ipxact:tiedValue>
            <ipxact:portReferences>
                <ipxact:internalPortReference componentRef="Rx_MIPI_CSI2" portRef="bd3_o"/>
            </ipxact:portReferences>
        </ipxact:adHocConnection>
        <ipxact:adHocConnection>
            <ipxact:name>Rx_MIPI_CSI2.capture_en_o</ipxact:name>
            <ipxact:tiedValue>open</ipxact:tiedValue>
            <ipxact:portReferences>
                <ipxact:internalPortReference componentRef="Rx_MIPI_CSI2" portRef="capture_en_o"/>
            </ipxact:portReferences>
        </ipxact:adHocConnection>
        <ipxact:adHocConnection>
            <ipxact:name>Rx_MIPI_CSI2.ref_dt_i</ipxact:name>
            <ipxact:portReferences>
                <ipxact:internalPortReference componentRef="Rx_MIPI_CSI2" portRef="ref_dt_i"/>
                <ipxact:externalPortReference portRef="ref_dt_i">
                    <ipxact:partSelect>
                        <ipxact:range>
                            <ipxact:left>5</ipxact:left>
                            <ipxact:right>0</ipxact:right>
                        </ipxact:range>
                    </ipxact:partSelect>
                </ipxact:externalPortReference>
            </ipxact:portReferences>
        </ipxact:adHocConnection>
        <ipxact:adHocConnection>
            <ipxact:name>Rx_MIPI_CSI2.tx_rdy_i</ipxact:name>
            <ipxact:portReferences>
                <ipxact:internalPortReference componentRef="Rx_MIPI_CSI2" portRef="tx_rdy_i"/>
                <ipxact:externalPortReference portRef="tx_rdy_i"/>
            </ipxact:portReferences>
        </ipxact:adHocConnection>
        <ipxact:adHocConnection>
            <ipxact:name>Rx_MIPI_CSI2.lp_d0_tx_en_i</ipxact:name>
            <ipxact:tiedValue>1'b0</ipxact:tiedValue>
            <ipxact:portReferences>
                <ipxact:internalPortReference componentRef="Rx_MIPI_CSI2" portRef="lp_d0_tx_en_i"/>
            </ipxact:portReferences>
        </ipxact:adHocConnection>
        <ipxact:adHocConnection>
            <ipxact:name>Rx_MIPI_CSI2.lp_d0_tx_p_i</ipxact:name>
            <ipxact:tiedValue>1'b0</ipxact:tiedValue>
            <ipxact:portReferences>
                <ipxact:internalPortReference componentRef="Rx_MIPI_CSI2" portRef="lp_d0_tx_p_i"/>
            </ipxact:portReferences>
        </ipxact:adHocConnection>
        <ipxact:adHocConnection>
            <ipxact:name>Rx_MIPI_CSI2.lp_d0_tx_n_i</ipxact:name>
            <ipxact:tiedValue>1'b0</ipxact:tiedValue>
            <ipxact:portReferences>
                <ipxact:internalPortReference componentRef="Rx_MIPI_CSI2" portRef="lp_d0_tx_n_i"/>
            </ipxact:portReferences>
        </ipxact:adHocConnection>
        <ipxact:adHocConnection>
            <ipxact:name>Rx_MIPI_CSI2.pd_dphy_i</ipxact:name>
            <ipxact:portReferences>
                <ipxact:internalPortReference componentRef="Rx_MIPI_CSI2" portRef="pd_dphy_i"/>
                <ipxact:externalPortReference portRef="pd_dphy_i"/>
            </ipxact:portReferences>
        </ipxact:adHocConnection>
        <ipxact:adHocConnection>
            <ipxact:name>Rx_MIPI_CSI2.sp_en_o</ipxact:name>
            <ipxact:portReferences>
                <ipxact:internalPortReference componentRef="Rx_MIPI_CSI2" portRef="sp_en_o"/>
                <ipxact:externalPortReference portRef="sp_en_o"/>
            </ipxact:portReferences>
        </ipxact:adHocConnection>
        <ipxact:adHocConnection>
            <ipxact:name>Rx_MIPI_CSI2.lp_en_o</ipxact:name>
            <ipxact:portReferences>
                <ipxact:internalPortReference componentRef="Rx_MIPI_CSI2" portRef="lp_en_o"/>
                <ipxact:externalPortReference portRef="lp_en_o"/>
            </ipxact:portReferences>
        </ipxact:adHocConnection>
        <ipxact:adHocConnection>
            <ipxact:name>Rx_MIPI_CSI2.lp_av_en_o</ipxact:name>
            <ipxact:portReferences>
                <ipxact:internalPortReference componentRef="Rx_MIPI_CSI2" portRef="lp_av_en_o"/>
                <ipxact:externalPortReference portRef="lp_av_en_o"/>
            </ipxact:portReferences>
        </ipxact:adHocConnection>
        <ipxact:adHocConnection>
            <ipxact:name>Rx_MIPI_CSI2.sp2_en_o</ipxact:name>
            <ipxact:tiedValue>open</ipxact:tiedValue>
            <ipxact:portReferences>
                <ipxact:internalPortReference componentRef="Rx_MIPI_CSI2" portRef="sp2_en_o"/>
            </ipxact:portReferences>
        </ipxact:adHocConnection>
        <ipxact:adHocConnection>
            <ipxact:name>Rx_MIPI_CSI2.lp2_en_o</ipxact:name>
            <ipxact:tiedValue>open</ipxact:tiedValue>
            <ipxact:portReferences>
                <ipxact:internalPortReference componentRef="Rx_MIPI_CSI2" portRef="lp2_en_o"/>
            </ipxact:portReferences>
        </ipxact:adHocConnection>
        <ipxact:adHocConnection>
            <ipxact:name>Rx_MIPI_CSI2.lp2_av_en_o</ipxact:name>
            <ipxact:tiedValue>open</ipxact:tiedValue>
            <ipxact:portReferences>
                <ipxact:internalPortReference componentRef="Rx_MIPI_CSI2" portRef="lp2_av_en_o"/>
            </ipxact:portReferences>
        </ipxact:adHocConnection>
        <ipxact:adHocConnection>
            <ipxact:name>Rx_MIPI_CSI2.hs_en0_settle_o</ipxact:name>
            <ipxact:tiedValue>open</ipxact:tiedValue>
            <ipxact:portReferences>
                <ipxact:internalPortReference componentRef="Rx_MIPI_CSI2" portRef="hs_en0_settle_o"/>
            </ipxact:portReferences>
        </ipxact:adHocConnection>
        <ipxact:adHocConnection>
            <ipxact:name>Rx_MIPI_CSI2.rxdatsyncfr_state_o</ipxact:name>
            <ipxact:tiedValue>open</ipxact:tiedValue>
            <ipxact:portReferences>
                <ipxact:internalPortReference componentRef="Rx_MIPI_CSI2" portRef="rxdatsyncfr_state_o"/>
            </ipxact:portReferences>
        </ipxact:adHocConnection>
        <ipxact:adHocConnection>
            <ipxact:name>Rx_MIPI_CSI2.rxemptyfr0_o</ipxact:name>
            <ipxact:tiedValue>open</ipxact:tiedValue>
            <ipxact:portReferences>
                <ipxact:internalPortReference componentRef="Rx_MIPI_CSI2" portRef="rxemptyfr0_o"/>
            </ipxact:portReferences>
        </ipxact:adHocConnection>
        <ipxact:adHocConnection>
            <ipxact:name>Rx_MIPI_CSI2.rxemptyfr1_o</ipxact:name>
            <ipxact:tiedValue>open</ipxact:tiedValue>
            <ipxact:portReferences>
                <ipxact:internalPortReference componentRef="Rx_MIPI_CSI2" portRef="rxemptyfr1_o"/>
            </ipxact:portReferences>
        </ipxact:adHocConnection>
        <ipxact:adHocConnection>
            <ipxact:name>Rx_MIPI_CSI2.rxfullfr0_o</ipxact:name>
            <ipxact:tiedValue>open</ipxact:tiedValue>
            <ipxact:portReferences>
                <ipxact:internalPortReference componentRef="Rx_MIPI_CSI2" portRef="rxfullfr0_o"/>
            </ipxact:portReferences>
        </ipxact:adHocConnection>
        <ipxact:adHocConnection>
            <ipxact:name>Rx_MIPI_CSI2.rxfullfr1_o</ipxact:name>
            <ipxact:tiedValue>open</ipxact:tiedValue>
            <ipxact:portReferences>
                <ipxact:internalPortReference componentRef="Rx_MIPI_CSI2" portRef="rxfullfr1_o"/>
            </ipxact:portReferences>
        </ipxact:adHocConnection>
        <ipxact:adHocConnection>
            <ipxact:name>Rx_MIPI_CSI2.rxque_curstate_o</ipxact:name>
            <ipxact:tiedValue>open</ipxact:tiedValue>
            <ipxact:portReferences>
                <ipxact:internalPortReference componentRef="Rx_MIPI_CSI2" portRef="rxque_curstate_o"/>
            </ipxact:portReferences>
        </ipxact:adHocConnection>
        <ipxact:adHocConnection>
            <ipxact:name>Rx_MIPI_CSI2.rxque_empty_o</ipxact:name>
            <ipxact:tiedValue>open</ipxact:tiedValue>
            <ipxact:portReferences>
                <ipxact:internalPortReference componentRef="Rx_MIPI_CSI2" portRef="rxque_empty_o"/>
            </ipxact:portReferences>
        </ipxact:adHocConnection>
        <ipxact:adHocConnection>
            <ipxact:name>Rx_MIPI_CSI2.rxque_full_o</ipxact:name>
            <ipxact:tiedValue>open</ipxact:tiedValue>
            <ipxact:portReferences>
                <ipxact:internalPortReference componentRef="Rx_MIPI_CSI2" portRef="rxque_full_o"/>
            </ipxact:portReferences>
        </ipxact:adHocConnection>
        <ipxact:adHocConnection>
            <ipxact:name>Rx_MIPI_CSI2.skewcal_det_o</ipxact:name>
            <ipxact:tiedValue>open</ipxact:tiedValue>
            <ipxact:portReferences>
                <ipxact:internalPortReference componentRef="Rx_MIPI_CSI2" portRef="skewcal_det_o"/>
            </ipxact:portReferences>
        </ipxact:adHocConnection>
        <ipxact:adHocConnection>
            <ipxact:name>Rx_MIPI_CSI2.skewcal_done_o</ipxact:name>
            <ipxact:tiedValue>open</ipxact:tiedValue>
            <ipxact:portReferences>
                <ipxact:internalPortReference componentRef="Rx_MIPI_CSI2" portRef="skewcal_done_o"/>
            </ipxact:portReferences>
        </ipxact:adHocConnection>
        <ipxact:adHocConnection>
            <ipxact:name>Rx_MIPI_CSI2.err_ctrl_o</ipxact:name>
            <ipxact:tiedValue>open</ipxact:tiedValue>
            <ipxact:portReferences>
                <ipxact:internalPortReference componentRef="Rx_MIPI_CSI2" portRef="err_ctrl_o"/>
            </ipxact:portReferences>
        </ipxact:adHocConnection>
        <ipxact:adHocConnection>
            <ipxact:name>Rx_MIPI_CSI2.err_esc_o</ipxact:name>
            <ipxact:tiedValue>open</ipxact:tiedValue>
            <ipxact:portReferences>
                <ipxact:internalPortReference componentRef="Rx_MIPI_CSI2" portRef="err_esc_o"/>
            </ipxact:portReferences>
        </ipxact:adHocConnection>
        <ipxact:adHocConnection>
            <ipxact:name>Rx_MIPI_CSI2.err_soths_o</ipxact:name>
            <ipxact:tiedValue>open</ipxact:tiedValue>
            <ipxact:portReferences>
                <ipxact:internalPortReference componentRef="Rx_MIPI_CSI2" portRef="err_soths_o"/>
            </ipxact:portReferences>
        </ipxact:adHocConnection>
        <ipxact:adHocConnection>
            <ipxact:name>Rx_MIPI_CSI2.err_syncesc_o</ipxact:name>
            <ipxact:tiedValue>open</ipxact:tiedValue>
            <ipxact:portReferences>
                <ipxact:internalPortReference componentRef="Rx_MIPI_CSI2" portRef="err_syncesc_o"/>
            </ipxact:portReferences>
        </ipxact:adHocConnection>
        <ipxact:adHocConnection>
            <ipxact:name>Rx_MIPI_CSI2.err_sotsynchs_o</ipxact:name>
            <ipxact:tiedValue>open</ipxact:tiedValue>
            <ipxact:portReferences>
                <ipxact:internalPortReference componentRef="Rx_MIPI_CSI2" portRef="err_sotsynchs_o"/>
            </ipxact:portReferences>
        </ipxact:adHocConnection>
    </ipxact:adHocConnections>
</ipxact:design>
