<?xml version="1.0" ?>
<ipxact:design xmlns:ipxact="http://www.accellera.org/XMLSchema/IPXACT/1685-2014" xmlns:lattice="http://www.latticesemi.com/lattice" xmlns:lsccip="http://www.latticesemi.com/XMLSchema/Radiant/ip">
    <ipxact:vendor>latticesemi.com</ipxact:vendor>
    <ipxact:library>ip</ipxact:library>
    <ipxact:name>Tx_ByteToPixel</ipxact:name>
    <ipxact:version>1.5.0</ipxact:version>
    <ipxact:componentInstances>
        <ipxact:componentInstance>
            <ipxact:instanceName>lscc_byte2pixel_inst</ipxact:instanceName>
            <ipxact:componentRef library="ip" name="byte2pixel" vendor="latticesemi.com" version="1.5.0">
                <ipxact:configurableElementValues>
                    <ipxact:configurableElementValue referenceId="FAMILY">LIFCL</ipxact:configurableElementValue>
                    <ipxact:configurableElementValue referenceId="RX_TYPE">CSI-2</ipxact:configurableElementValue>
                    <ipxact:configurableElementValue referenceId="DSI_MODE">NONBURST_PULSES</ipxact:configurableElementValue>
                    <ipxact:configurableElementValue referenceId="NUM_RX_LANE">4</ipxact:configurableElementValue>
                    <ipxact:configurableElementValue referenceId="RX_GEAR">8</ipxact:configurableElementValue>
                    <ipxact:configurableElementValue referenceId="BYTE_CLK_FREQ">112.5</ipxact:configurableElementValue>
                    <ipxact:configurableElementValue referenceId="AXI_SLAVE">False</ipxact:configurableElementValue>
                    <ipxact:configurableElementValue referenceId="RX_RATE">3600.0</ipxact:configurableElementValue>
                    <ipxact:configurableElementValue referenceId="NUM_TX_CH_INPUT">1</ipxact:configurableElementValue>
                    <ipxact:configurableElementValue referenceId="NUM_TX_CH">1</ipxact:configurableElementValue>
                    <ipxact:configurableElementValue referenceId="DATA_TYPE">RGB888</ipxact:configurableElementValue>
                    <ipxact:configurableElementValue referenceId="DT">6'h24</ipxact:configurableElementValue>
                    <ipxact:configurableElementValue referenceId="PD_BUS_WIDTH">24</ipxact:configurableElementValue>
                    <ipxact:configurableElementValue referenceId="CTRL_POL">POSITIVE</ipxact:configurableElementValue>
                    <ipxact:configurableElementValue referenceId="VSA">5</ipxact:configurableElementValue>
                    <ipxact:configurableElementValue referenceId="HSA">8</ipxact:configurableElementValue>
                    <ipxact:configurableElementValue referenceId="SYNC_DELAY">5</ipxact:configurableElementValue>
                    <ipxact:configurableElementValue referenceId="SYNC_DELAY_CNTR_W">3</ipxact:configurableElementValue>
                    <ipxact:configurableElementValue referenceId="PIX_CLK_FREQ">360.0</ipxact:configurableElementValue>
                    <ipxact:configurableElementValue referenceId="AXI_MASTER">False</ipxact:configurableElementValue>
                    <ipxact:configurableElementValue referenceId="TX_RATE">8640.0</ipxact:configurableElementValue>
                    <ipxact:configurableElementValue referenceId="MAN_ADJ">False</ipxact:configurableElementValue>
                    <ipxact:configurableElementValue referenceId="THRESHOLD">1</ipxact:configurableElementValue>
                    <ipxact:configurableElementValue referenceId="PIX_FIFO_DEPTH">8</ipxact:configurableElementValue>
                    <ipxact:configurableElementValue referenceId="PIX_FIFO_ADDR_WIDTH">3</ipxact:configurableElementValue>
                    <ipxact:configurableElementValue referenceId="WORD_CNT">3</ipxact:configurableElementValue>
                    <ipxact:configurableElementValue referenceId="DEBUG_EN">False</ipxact:configurableElementValue>
                    <ipxact:configurableElementValue referenceId="NUM_PIXELS">1</ipxact:configurableElementValue>
                    <ipxact:configurableElementValue referenceId="FRAMES_CNT">1</ipxact:configurableElementValue>
                    <ipxact:configurableElementValue referenceId="LINES_CNT">1</ipxact:configurableElementValue>
                </ipxact:configurableElementValues>
            </ipxact:componentRef>
        </ipxact:componentInstance>
    </ipxact:componentInstances>
    <ipxact:adHocConnections>
        <ipxact:adHocConnection>
            <ipxact:name>Tx_ByteToPixel.reset_byte_n_i</ipxact:name>
            <ipxact:portReferences>
                <ipxact:internalPortReference componentRef="Tx_ByteToPixel" portRef="reset_byte_n_i"/>
                <ipxact:externalPortReference portRef="reset_byte_n_i"/>
            </ipxact:portReferences>
        </ipxact:adHocConnection>
        <ipxact:adHocConnection>
            <ipxact:name>Tx_ByteToPixel.clk_byte_i</ipxact:name>
            <ipxact:portReferences>
                <ipxact:internalPortReference componentRef="Tx_ByteToPixel" portRef="clk_byte_i"/>
                <ipxact:externalPortReference portRef="clk_byte_i"/>
            </ipxact:portReferences>
        </ipxact:adHocConnection>
        <ipxact:adHocConnection>
            <ipxact:name>Tx_ByteToPixel.sp_en_i</ipxact:name>
            <ipxact:portReferences>
                <ipxact:internalPortReference componentRef="Tx_ByteToPixel" portRef="sp_en_i"/>
                <ipxact:externalPortReference portRef="sp_en_i"/>
            </ipxact:portReferences>
        </ipxact:adHocConnection>
        <ipxact:adHocConnection>
            <ipxact:name>Tx_ByteToPixel.sp2_en_i</ipxact:name>
            <ipxact:tiedValue>1'b0</ipxact:tiedValue>
            <ipxact:portReferences>
                <ipxact:internalPortReference componentRef="Tx_ByteToPixel" portRef="sp2_en_i"/>
            </ipxact:portReferences>
        </ipxact:adHocConnection>
        <ipxact:adHocConnection>
            <ipxact:name>Tx_ByteToPixel.dt_i</ipxact:name>
            <ipxact:portReferences>
                <ipxact:internalPortReference componentRef="Tx_ByteToPixel" portRef="dt_i"/>
                <ipxact:externalPortReference portRef="dt_i">
                    <ipxact:partSelect>
                        <ipxact:range>
                            <ipxact:left>5</ipxact:left>
                            <ipxact:right>0</ipxact:right>
                        </ipxact:range>
                    </ipxact:partSelect>
                </ipxact:externalPortReference>
            </ipxact:portReferences>
        </ipxact:adHocConnection>
        <ipxact:adHocConnection>
            <ipxact:name>Tx_ByteToPixel.dt2_i</ipxact:name>
            <ipxact:tiedValue>1'b1</ipxact:tiedValue>
            <ipxact:portReferences>
                <ipxact:internalPortReference componentRef="Tx_ByteToPixel" portRef="dt2_i"/>
            </ipxact:portReferences>
        </ipxact:adHocConnection>
        <ipxact:adHocConnection>
            <ipxact:name>Tx_ByteToPixel.lp_av_en_i</ipxact:name>
            <ipxact:portReferences>
                <ipxact:internalPortReference componentRef="Tx_ByteToPixel" portRef="lp_av_en_i"/>
                <ipxact:externalPortReference portRef="lp_av_en_i"/>
            </ipxact:portReferences>
        </ipxact:adHocConnection>
        <ipxact:adHocConnection>
            <ipxact:name>Tx_ByteToPixel.lp2_av_en_i</ipxact:name>
            <ipxact:tiedValue>1'b0</ipxact:tiedValue>
            <ipxact:portReferences>
                <ipxact:internalPortReference componentRef="Tx_ByteToPixel" portRef="lp2_av_en_i"/>
            </ipxact:portReferences>
        </ipxact:adHocConnection>
        <ipxact:adHocConnection>
            <ipxact:name>Tx_ByteToPixel.payload_en_i</ipxact:name>
            <ipxact:portReferences>
                <ipxact:internalPortReference componentRef="Tx_ByteToPixel" portRef="payload_en_i"/>
                <ipxact:externalPortReference portRef="payload_en_i"/>
            </ipxact:portReferences>
        </ipxact:adHocConnection>
        <ipxact:adHocConnection>
            <ipxact:name>Tx_ByteToPixel.payload_i</ipxact:name>
            <ipxact:portReferences>
                <ipxact:internalPortReference componentRef="Tx_ByteToPixel" portRef="payload_i"/>
                <ipxact:externalPortReference portRef="payload_i">
                    <ipxact:partSelect>
                        <ipxact:range>
                            <ipxact:left>31</ipxact:left>
                            <ipxact:right>0</ipxact:right>
                        </ipxact:range>
                    </ipxact:partSelect>
                </ipxact:externalPortReference>
            </ipxact:portReferences>
        </ipxact:adHocConnection>
        <ipxact:adHocConnection>
            <ipxact:name>Tx_ByteToPixel.wc_i</ipxact:name>
            <ipxact:portReferences>
                <ipxact:internalPortReference componentRef="Tx_ByteToPixel" portRef="wc_i"/>
                <ipxact:externalPortReference portRef="wc_i">
                    <ipxact:partSelect>
                        <ipxact:range>
                            <ipxact:left>15</ipxact:left>
                            <ipxact:right>0</ipxact:right>
                        </ipxact:range>
                    </ipxact:partSelect>
                </ipxact:externalPortReference>
            </ipxact:portReferences>
        </ipxact:adHocConnection>
        <ipxact:adHocConnection>
            <ipxact:name>Tx_ByteToPixel.wc2_i</ipxact:name>
            <ipxact:tiedValue>1'b1</ipxact:tiedValue>
            <ipxact:portReferences>
                <ipxact:internalPortReference componentRef="Tx_ByteToPixel" portRef="wc2_i"/>
            </ipxact:portReferences>
        </ipxact:adHocConnection>
        <ipxact:adHocConnection>
            <ipxact:name>Tx_ByteToPixel.reset_pixel_n_i</ipxact:name>
            <ipxact:portReferences>
                <ipxact:internalPortReference componentRef="Tx_ByteToPixel" portRef="reset_pixel_n_i"/>
                <ipxact:externalPortReference portRef="reset_pixel_n_i"/>
            </ipxact:portReferences>
        </ipxact:adHocConnection>
        <ipxact:adHocConnection>
            <ipxact:name>Tx_ByteToPixel.clk_pixel_i</ipxact:name>
            <ipxact:portReferences>
                <ipxact:internalPortReference componentRef="Tx_ByteToPixel" portRef="clk_pixel_i"/>
                <ipxact:externalPortReference portRef="clk_pixel_i"/>
            </ipxact:portReferences>
        </ipxact:adHocConnection>
        <ipxact:adHocConnection>
            <ipxact:name>Tx_ByteToPixel.vsync_o</ipxact:name>
            <ipxact:tiedValue>open</ipxact:tiedValue>
            <ipxact:portReferences>
                <ipxact:internalPortReference componentRef="Tx_ByteToPixel" portRef="vsync_o"/>
            </ipxact:portReferences>
        </ipxact:adHocConnection>
        <ipxact:adHocConnection>
            <ipxact:name>Tx_ByteToPixel.hsync_o</ipxact:name>
            <ipxact:tiedValue>open</ipxact:tiedValue>
            <ipxact:portReferences>
                <ipxact:internalPortReference componentRef="Tx_ByteToPixel" portRef="hsync_o"/>
            </ipxact:portReferences>
        </ipxact:adHocConnection>
        <ipxact:adHocConnection>
            <ipxact:name>Tx_ByteToPixel.fv_o</ipxact:name>
            <ipxact:portReferences>
                <ipxact:internalPortReference componentRef="Tx_ByteToPixel" portRef="fv_o"/>
                <ipxact:externalPortReference portRef="fv_o"/>
            </ipxact:portReferences>
        </ipxact:adHocConnection>
        <ipxact:adHocConnection>
            <ipxact:name>Tx_ByteToPixel.lv_o</ipxact:name>
            <ipxact:portReferences>
                <ipxact:internalPortReference componentRef="Tx_ByteToPixel" portRef="lv_o"/>
                <ipxact:externalPortReference portRef="lv_o"/>
            </ipxact:portReferences>
        </ipxact:adHocConnection>
        <ipxact:adHocConnection>
            <ipxact:name>Tx_ByteToPixel.de_o</ipxact:name>
            <ipxact:tiedValue>open</ipxact:tiedValue>
            <ipxact:portReferences>
                <ipxact:internalPortReference componentRef="Tx_ByteToPixel" portRef="de_o"/>
            </ipxact:portReferences>
        </ipxact:adHocConnection>
        <ipxact:adHocConnection>
            <ipxact:name>Tx_ByteToPixel.pd_o</ipxact:name>
            <ipxact:portReferences>
                <ipxact:internalPortReference componentRef="Tx_ByteToPixel" portRef="pd_o"/>
                <ipxact:externalPortReference portRef="pd_o">
                    <ipxact:partSelect>
                        <ipxact:range>
                            <ipxact:left>23</ipxact:left>
                            <ipxact:right>0</ipxact:right>
                        </ipxact:range>
                    </ipxact:partSelect>
                </ipxact:externalPortReference>
            </ipxact:portReferences>
        </ipxact:adHocConnection>
        <ipxact:adHocConnection>
            <ipxact:name>Tx_ByteToPixel.p_odd_o</ipxact:name>
            <ipxact:portReferences>
                <ipxact:internalPortReference componentRef="Tx_ByteToPixel" portRef="p_odd_o"/>
                <ipxact:externalPortReference portRef="p_odd_o">
                    <ipxact:partSelect>
                        <ipxact:range>
                            <ipxact:left>1</ipxact:left>
                            <ipxact:right>0</ipxact:right>
                        </ipxact:range>
                    </ipxact:partSelect>
                </ipxact:externalPortReference>
            </ipxact:portReferences>
        </ipxact:adHocConnection>
        <ipxact:adHocConnection>
            <ipxact:name>Tx_ByteToPixel.axis_mclk_i</ipxact:name>
            <ipxact:tiedValue>1'b1</ipxact:tiedValue>
            <ipxact:portReferences>
                <ipxact:internalPortReference componentRef="Tx_ByteToPixel" portRef="axis_mclk_i"/>
            </ipxact:portReferences>
        </ipxact:adHocConnection>
        <ipxact:adHocConnection>
            <ipxact:name>Tx_ByteToPixel.axis_mresetn_i</ipxact:name>
            <ipxact:tiedValue>1'b1</ipxact:tiedValue>
            <ipxact:portReferences>
                <ipxact:internalPortReference componentRef="Tx_ByteToPixel" portRef="axis_mresetn_i"/>
            </ipxact:portReferences>
        </ipxact:adHocConnection>
        <ipxact:adHocConnection>
            <ipxact:name>Tx_ByteToPixel.axis_mready_i</ipxact:name>
            <ipxact:tiedValue>1'b1</ipxact:tiedValue>
            <ipxact:portReferences>
                <ipxact:internalPortReference componentRef="Tx_ByteToPixel" portRef="axis_mready_i"/>
            </ipxact:portReferences>
        </ipxact:adHocConnection>
        <ipxact:adHocConnection>
            <ipxact:name>Tx_ByteToPixel.axis_mvalid_o</ipxact:name>
            <ipxact:tiedValue>open</ipxact:tiedValue>
            <ipxact:portReferences>
                <ipxact:internalPortReference componentRef="Tx_ByteToPixel" portRef="axis_mvalid_o"/>
            </ipxact:portReferences>
        </ipxact:adHocConnection>
        <ipxact:adHocConnection>
            <ipxact:name>Tx_ByteToPixel.axis_mdata_o</ipxact:name>
            <ipxact:tiedValue>open</ipxact:tiedValue>
            <ipxact:portReferences>
                <ipxact:internalPortReference componentRef="Tx_ByteToPixel" portRef="axis_mdata_o"/>
            </ipxact:portReferences>
        </ipxact:adHocConnection>
        <ipxact:adHocConnection>
            <ipxact:name>Tx_ByteToPixel.axis_sclk_i</ipxact:name>
            <ipxact:tiedValue>1'b1</ipxact:tiedValue>
            <ipxact:portReferences>
                <ipxact:internalPortReference componentRef="Tx_ByteToPixel" portRef="axis_sclk_i"/>
            </ipxact:portReferences>
        </ipxact:adHocConnection>
        <ipxact:adHocConnection>
            <ipxact:name>Tx_ByteToPixel.axis_sresetn_i</ipxact:name>
            <ipxact:tiedValue>1'b1</ipxact:tiedValue>
            <ipxact:portReferences>
                <ipxact:internalPortReference componentRef="Tx_ByteToPixel" portRef="axis_sresetn_i"/>
            </ipxact:portReferences>
        </ipxact:adHocConnection>
        <ipxact:adHocConnection>
            <ipxact:name>Tx_ByteToPixel.axis_svalid_i</ipxact:name>
            <ipxact:tiedValue>1'b1</ipxact:tiedValue>
            <ipxact:portReferences>
                <ipxact:internalPortReference componentRef="Tx_ByteToPixel" portRef="axis_svalid_i"/>
            </ipxact:portReferences>
        </ipxact:adHocConnection>
        <ipxact:adHocConnection>
            <ipxact:name>Tx_ByteToPixel.axis_sdata_i</ipxact:name>
            <ipxact:tiedValue>1'b1</ipxact:tiedValue>
            <ipxact:portReferences>
                <ipxact:internalPortReference componentRef="Tx_ByteToPixel" portRef="axis_sdata_i"/>
            </ipxact:portReferences>
        </ipxact:adHocConnection>
        <ipxact:adHocConnection>
            <ipxact:name>Tx_ByteToPixel.axis_sready_o</ipxact:name>
            <ipxact:tiedValue>open</ipxact:tiedValue>
            <ipxact:portReferences>
                <ipxact:internalPortReference componentRef="Tx_ByteToPixel" portRef="axis_sready_o"/>
            </ipxact:portReferences>
        </ipxact:adHocConnection>
        <ipxact:adHocConnection>
            <ipxact:name>Tx_ByteToPixel.write_cycle_o</ipxact:name>
            <ipxact:tiedValue>open</ipxact:tiedValue>
            <ipxact:portReferences>
                <ipxact:internalPortReference componentRef="Tx_ByteToPixel" portRef="write_cycle_o"/>
            </ipxact:portReferences>
        </ipxact:adHocConnection>
        <ipxact:adHocConnection>
            <ipxact:name>Tx_ByteToPixel.mem_we_o</ipxact:name>
            <ipxact:tiedValue>open</ipxact:tiedValue>
            <ipxact:portReferences>
                <ipxact:internalPortReference componentRef="Tx_ByteToPixel" portRef="mem_we_o"/>
            </ipxact:portReferences>
        </ipxact:adHocConnection>
        <ipxact:adHocConnection>
            <ipxact:name>Tx_ByteToPixel.mem_re_o</ipxact:name>
            <ipxact:tiedValue>open</ipxact:tiedValue>
            <ipxact:portReferences>
                <ipxact:internalPortReference componentRef="Tx_ByteToPixel" portRef="mem_re_o"/>
            </ipxact:portReferences>
        </ipxact:adHocConnection>
        <ipxact:adHocConnection>
            <ipxact:name>Tx_ByteToPixel.read_cycle_o</ipxact:name>
            <ipxact:tiedValue>open</ipxact:tiedValue>
            <ipxact:portReferences>
                <ipxact:internalPortReference componentRef="Tx_ByteToPixel" portRef="read_cycle_o"/>
            </ipxact:portReferences>
        </ipxact:adHocConnection>
        <ipxact:adHocConnection>
            <ipxact:name>Tx_ByteToPixel.fifo_empty_o</ipxact:name>
            <ipxact:tiedValue>open</ipxact:tiedValue>
            <ipxact:portReferences>
                <ipxact:internalPortReference componentRef="Tx_ByteToPixel" portRef="fifo_empty_o"/>
            </ipxact:portReferences>
        </ipxact:adHocConnection>
        <ipxact:adHocConnection>
            <ipxact:name>Tx_ByteToPixel.fifo_full_o</ipxact:name>
            <ipxact:tiedValue>open</ipxact:tiedValue>
            <ipxact:portReferences>
                <ipxact:internalPortReference componentRef="Tx_ByteToPixel" portRef="fifo_full_o"/>
            </ipxact:portReferences>
        </ipxact:adHocConnection>
        <ipxact:adHocConnection>
            <ipxact:name>Tx_ByteToPixel.pixcnt_c_o</ipxact:name>
            <ipxact:portReferences>
                <ipxact:internalPortReference componentRef="Tx_ByteToPixel" portRef="pixcnt_c_o"/>
                <ipxact:externalPortReference portRef="pixcnt_c_o">
                    <ipxact:partSelect>
                        <ipxact:range>
                            <ipxact:left>18</ipxact:left>
                            <ipxact:right>0</ipxact:right>
                        </ipxact:range>
                    </ipxact:partSelect>
                </ipxact:externalPortReference>
            </ipxact:portReferences>
        </ipxact:adHocConnection>
        <ipxact:adHocConnection>
            <ipxact:name>Tx_ByteToPixel.pix_out_cntr_o</ipxact:name>
            <ipxact:portReferences>
                <ipxact:internalPortReference componentRef="Tx_ByteToPixel" portRef="pix_out_cntr_o"/>
                <ipxact:externalPortReference portRef="pix_out_cntr_o">
                    <ipxact:partSelect>
                        <ipxact:range>
                            <ipxact:left>15</ipxact:left>
                            <ipxact:right>0</ipxact:right>
                        </ipxact:range>
                    </ipxact:partSelect>
                </ipxact:externalPortReference>
            </ipxact:portReferences>
        </ipxact:adHocConnection>
        <ipxact:adHocConnection>
            <ipxact:name>Tx_ByteToPixel.wc_pix_sync_o</ipxact:name>
            <ipxact:portReferences>
                <ipxact:internalPortReference componentRef="Tx_ByteToPixel" portRef="wc_pix_sync_o"/>
                <ipxact:externalPortReference portRef="wc_pix_sync_o">
                    <ipxact:partSelect>
                        <ipxact:range>
                            <ipxact:left>15</ipxact:left>
                            <ipxact:right>0</ipxact:right>
                        </ipxact:range>
                    </ipxact:partSelect>
                </ipxact:externalPortReference>
            </ipxact:portReferences>
        </ipxact:adHocConnection>
    </ipxact:adHocConnections>
</ipxact:design>
