<?xml version="1.0" ?>
<ipxact:design xmlns:ipxact="http://www.accellera.org/XMLSchema/IPXACT/1685-2014" xmlns:lattice="http://www.latticesemi.com/lattice" xmlns:lsccip="http://www.latticesemi.com/XMLSchema/Radiant/ip">
    <ipxact:vendor>latticesemi.com</ipxact:vendor>
    <ipxact:library>ip</ipxact:library>
    <ipxact:name>Rx_PixelToByte</ipxact:name>
    <ipxact:version>1.4.0</ipxact:version>
    <ipxact:componentInstances>
        <ipxact:componentInstance>
            <ipxact:instanceName>lscc_pixel2byte_inst</ipxact:instanceName>
            <ipxact:componentRef library="ip" name="pixel2byte" vendor="latticesemi.com" version="1.4.0">
                <ipxact:configurableElementValues>
                    <ipxact:configurableElementValue referenceId="FAMILY">LIFCL</ipxact:configurableElementValue>
                    <ipxact:configurableElementValue referenceId="TXTYPE">CSI2</ipxact:configurableElementValue>
                    <ipxact:configurableElementValue referenceId="DSI_FORMAT">0</ipxact:configurableElementValue>
                    <ipxact:configurableElementValue referenceId="DSI_MODE">NONBURST_PULSES</ipxact:configurableElementValue>
                    <ipxact:configurableElementValue referenceId="DATA_TYPE">RAW12</ipxact:configurableElementValue>
                    <ipxact:configurableElementValue referenceId="DT">6'h2C</ipxact:configurableElementValue>
                    <ipxact:configurableElementValue referenceId="PIX_WIDTH">12</ipxact:configurableElementValue>
                    <ipxact:configurableElementValue referenceId="DATA_WIDTH">16</ipxact:configurableElementValue>
                    <ipxact:configurableElementValue referenceId="NUM_TX_LANE">4</ipxact:configurableElementValue>
                    <ipxact:configurableElementValue referenceId="NUM_PIX_LANE">1</ipxact:configurableElementValue>
                    <ipxact:configurableElementValue referenceId="TX_GEAR">8</ipxact:configurableElementValue>
                    <ipxact:configurableElementValue referenceId="MISCON">True</ipxact:configurableElementValue>
                    <ipxact:configurableElementValue referenceId="TXFR_SIG">True</ipxact:configurableElementValue>
                </ipxact:configurableElementValues>
            </ipxact:componentRef>
        </ipxact:componentInstance>
    </ipxact:componentInstances>
    <ipxact:adHocConnections>
        <ipxact:adHocConnection>
            <ipxact:name>Rx_PixelToByte.rst_n_i</ipxact:name>
            <ipxact:portReferences>
                <ipxact:internalPortReference componentRef="Rx_PixelToByte" portRef="rst_n_i"/>
                <ipxact:externalPortReference portRef="rst_n_i"/>
            </ipxact:portReferences>
        </ipxact:adHocConnection>
        <ipxact:adHocConnection>
            <ipxact:name>Rx_PixelToByte.pix_clk_i</ipxact:name>
            <ipxact:portReferences>
                <ipxact:internalPortReference componentRef="Rx_PixelToByte" portRef="pix_clk_i"/>
                <ipxact:externalPortReference portRef="pix_clk_i"/>
            </ipxact:portReferences>
        </ipxact:adHocConnection>
        <ipxact:adHocConnection>
            <ipxact:name>Rx_PixelToByte.byte_clk_i</ipxact:name>
            <ipxact:portReferences>
                <ipxact:internalPortReference componentRef="Rx_PixelToByte" portRef="byte_clk_i"/>
                <ipxact:externalPortReference portRef="byte_clk_i"/>
            </ipxact:portReferences>
        </ipxact:adHocConnection>
        <ipxact:adHocConnection>
            <ipxact:name>Rx_PixelToByte.vsync_i</ipxact:name>
            <ipxact:tiedValue>1'b1</ipxact:tiedValue>
            <ipxact:portReferences>
                <ipxact:internalPortReference componentRef="Rx_PixelToByte" portRef="vsync_i"/>
            </ipxact:portReferences>
        </ipxact:adHocConnection>
        <ipxact:adHocConnection>
            <ipxact:name>Rx_PixelToByte.hsync_i</ipxact:name>
            <ipxact:tiedValue>1'b1</ipxact:tiedValue>
            <ipxact:portReferences>
                <ipxact:internalPortReference componentRef="Rx_PixelToByte" portRef="hsync_i"/>
            </ipxact:portReferences>
        </ipxact:adHocConnection>
        <ipxact:adHocConnection>
            <ipxact:name>Rx_PixelToByte.de_i</ipxact:name>
            <ipxact:tiedValue>1'b1</ipxact:tiedValue>
            <ipxact:portReferences>
                <ipxact:internalPortReference componentRef="Rx_PixelToByte" portRef="de_i"/>
            </ipxact:portReferences>
        </ipxact:adHocConnection>
        <ipxact:adHocConnection>
            <ipxact:name>Rx_PixelToByte.fv_i</ipxact:name>
            <ipxact:portReferences>
                <ipxact:internalPortReference componentRef="Rx_PixelToByte" portRef="fv_i"/>
                <ipxact:externalPortReference portRef="fv_i"/>
            </ipxact:portReferences>
        </ipxact:adHocConnection>
        <ipxact:adHocConnection>
            <ipxact:name>Rx_PixelToByte.lv_i</ipxact:name>
            <ipxact:portReferences>
                <ipxact:internalPortReference componentRef="Rx_PixelToByte" portRef="lv_i"/>
                <ipxact:externalPortReference portRef="lv_i"/>
            </ipxact:portReferences>
        </ipxact:adHocConnection>
        <ipxact:adHocConnection>
            <ipxact:name>Rx_PixelToByte.dvalid_i</ipxact:name>
            <ipxact:portReferences>
                <ipxact:internalPortReference componentRef="Rx_PixelToByte" portRef="dvalid_i"/>
                <ipxact:externalPortReference portRef="dvalid_i"/>
            </ipxact:portReferences>
        </ipxact:adHocConnection>
        <ipxact:adHocConnection>
            <ipxact:name>Rx_PixelToByte.pix_data9_i</ipxact:name>
            <ipxact:tiedValue>1'b1</ipxact:tiedValue>
            <ipxact:portReferences>
                <ipxact:internalPortReference componentRef="Rx_PixelToByte" portRef="pix_data9_i"/>
            </ipxact:portReferences>
        </ipxact:adHocConnection>
        <ipxact:adHocConnection>
            <ipxact:name>Rx_PixelToByte.pix_data8_i</ipxact:name>
            <ipxact:tiedValue>1'b1</ipxact:tiedValue>
            <ipxact:portReferences>
                <ipxact:internalPortReference componentRef="Rx_PixelToByte" portRef="pix_data8_i"/>
            </ipxact:portReferences>
        </ipxact:adHocConnection>
        <ipxact:adHocConnection>
            <ipxact:name>Rx_PixelToByte.pix_data7_i</ipxact:name>
            <ipxact:tiedValue>1'b1</ipxact:tiedValue>
            <ipxact:portReferences>
                <ipxact:internalPortReference componentRef="Rx_PixelToByte" portRef="pix_data7_i"/>
            </ipxact:portReferences>
        </ipxact:adHocConnection>
        <ipxact:adHocConnection>
            <ipxact:name>Rx_PixelToByte.pix_data6_i</ipxact:name>
            <ipxact:tiedValue>1'b1</ipxact:tiedValue>
            <ipxact:portReferences>
                <ipxact:internalPortReference componentRef="Rx_PixelToByte" portRef="pix_data6_i"/>
            </ipxact:portReferences>
        </ipxact:adHocConnection>
        <ipxact:adHocConnection>
            <ipxact:name>Rx_PixelToByte.pix_data5_i</ipxact:name>
            <ipxact:tiedValue>1'b1</ipxact:tiedValue>
            <ipxact:portReferences>
                <ipxact:internalPortReference componentRef="Rx_PixelToByte" portRef="pix_data5_i"/>
            </ipxact:portReferences>
        </ipxact:adHocConnection>
        <ipxact:adHocConnection>
            <ipxact:name>Rx_PixelToByte.pix_data4_i</ipxact:name>
            <ipxact:tiedValue>1'b1</ipxact:tiedValue>
            <ipxact:portReferences>
                <ipxact:internalPortReference componentRef="Rx_PixelToByte" portRef="pix_data4_i"/>
            </ipxact:portReferences>
        </ipxact:adHocConnection>
        <ipxact:adHocConnection>
            <ipxact:name>Rx_PixelToByte.pix_data3_i</ipxact:name>
            <ipxact:tiedValue>1'b1</ipxact:tiedValue>
            <ipxact:portReferences>
                <ipxact:internalPortReference componentRef="Rx_PixelToByte" portRef="pix_data3_i"/>
            </ipxact:portReferences>
        </ipxact:adHocConnection>
        <ipxact:adHocConnection>
            <ipxact:name>Rx_PixelToByte.pix_data2_i</ipxact:name>
            <ipxact:tiedValue>1'b1</ipxact:tiedValue>
            <ipxact:portReferences>
                <ipxact:internalPortReference componentRef="Rx_PixelToByte" portRef="pix_data2_i"/>
            </ipxact:portReferences>
        </ipxact:adHocConnection>
        <ipxact:adHocConnection>
            <ipxact:name>Rx_PixelToByte.pix_data1_i</ipxact:name>
            <ipxact:tiedValue>1'b1</ipxact:tiedValue>
            <ipxact:portReferences>
                <ipxact:internalPortReference componentRef="Rx_PixelToByte" portRef="pix_data1_i"/>
            </ipxact:portReferences>
        </ipxact:adHocConnection>
        <ipxact:adHocConnection>
            <ipxact:name>Rx_PixelToByte.pix_data0_i</ipxact:name>
            <ipxact:portReferences>
                <ipxact:internalPortReference componentRef="Rx_PixelToByte" portRef="pix_data0_i"/>
                <ipxact:externalPortReference portRef="pix_data0_i">
                    <ipxact:partSelect>
                        <ipxact:range>
                            <ipxact:left>11</ipxact:left>
                            <ipxact:right>0</ipxact:right>
                        </ipxact:range>
                    </ipxact:partSelect>
                </ipxact:externalPortReference>
            </ipxact:portReferences>
        </ipxact:adHocConnection>
        <ipxact:adHocConnection>
            <ipxact:name>Rx_PixelToByte.c2d_ready_i</ipxact:name>
            <ipxact:portReferences>
                <ipxact:internalPortReference componentRef="Rx_PixelToByte" portRef="c2d_ready_i"/>
                <ipxact:externalPortReference portRef="c2d_ready_i"/>
            </ipxact:portReferences>
        </ipxact:adHocConnection>
        <ipxact:adHocConnection>
            <ipxact:name>Rx_PixelToByte.txfr_en_i</ipxact:name>
            <ipxact:portReferences>
                <ipxact:internalPortReference componentRef="Rx_PixelToByte" portRef="txfr_en_i"/>
                <ipxact:externalPortReference portRef="txfr_en_i"/>
            </ipxact:portReferences>
        </ipxact:adHocConnection>
        <ipxact:adHocConnection>
            <ipxact:name>Rx_PixelToByte.vsync_start_o</ipxact:name>
            <ipxact:tiedValue>open</ipxact:tiedValue>
            <ipxact:portReferences>
                <ipxact:internalPortReference componentRef="Rx_PixelToByte" portRef="vsync_start_o"/>
            </ipxact:portReferences>
        </ipxact:adHocConnection>
        <ipxact:adHocConnection>
            <ipxact:name>Rx_PixelToByte.vsync_end_o</ipxact:name>
            <ipxact:tiedValue>open</ipxact:tiedValue>
            <ipxact:portReferences>
                <ipxact:internalPortReference componentRef="Rx_PixelToByte" portRef="vsync_end_o"/>
            </ipxact:portReferences>
        </ipxact:adHocConnection>
        <ipxact:adHocConnection>
            <ipxact:name>Rx_PixelToByte.hsync_start_o</ipxact:name>
            <ipxact:tiedValue>open</ipxact:tiedValue>
            <ipxact:portReferences>
                <ipxact:internalPortReference componentRef="Rx_PixelToByte" portRef="hsync_start_o"/>
            </ipxact:portReferences>
        </ipxact:adHocConnection>
        <ipxact:adHocConnection>
            <ipxact:name>Rx_PixelToByte.hsync_end_o</ipxact:name>
            <ipxact:tiedValue>open</ipxact:tiedValue>
            <ipxact:portReferences>
                <ipxact:internalPortReference componentRef="Rx_PixelToByte" portRef="hsync_end_o"/>
            </ipxact:portReferences>
        </ipxact:adHocConnection>
        <ipxact:adHocConnection>
            <ipxact:name>Rx_PixelToByte.fv_start_o</ipxact:name>
            <ipxact:portReferences>
                <ipxact:internalPortReference componentRef="Rx_PixelToByte" portRef="fv_start_o"/>
                <ipxact:externalPortReference portRef="fv_start_o"/>
            </ipxact:portReferences>
        </ipxact:adHocConnection>
        <ipxact:adHocConnection>
            <ipxact:name>Rx_PixelToByte.fv_end_o</ipxact:name>
            <ipxact:portReferences>
                <ipxact:internalPortReference componentRef="Rx_PixelToByte" portRef="fv_end_o"/>
                <ipxact:externalPortReference portRef="fv_end_o"/>
            </ipxact:portReferences>
        </ipxact:adHocConnection>
        <ipxact:adHocConnection>
            <ipxact:name>Rx_PixelToByte.lv_start_o</ipxact:name>
            <ipxact:portReferences>
                <ipxact:internalPortReference componentRef="Rx_PixelToByte" portRef="lv_start_o"/>
                <ipxact:externalPortReference portRef="lv_start_o"/>
            </ipxact:portReferences>
        </ipxact:adHocConnection>
        <ipxact:adHocConnection>
            <ipxact:name>Rx_PixelToByte.lv_end_o</ipxact:name>
            <ipxact:portReferences>
                <ipxact:internalPortReference componentRef="Rx_PixelToByte" portRef="lv_end_o"/>
                <ipxact:externalPortReference portRef="lv_end_o"/>
            </ipxact:portReferences>
        </ipxact:adHocConnection>
        <ipxact:adHocConnection>
            <ipxact:name>Rx_PixelToByte.odd_line_o</ipxact:name>
            <ipxact:tiedValue>open</ipxact:tiedValue>
            <ipxact:portReferences>
                <ipxact:internalPortReference componentRef="Rx_PixelToByte" portRef="odd_line_o"/>
            </ipxact:portReferences>
        </ipxact:adHocConnection>
        <ipxact:adHocConnection>
            <ipxact:name>Rx_PixelToByte.txfr_req_o</ipxact:name>
            <ipxact:portReferences>
                <ipxact:internalPortReference componentRef="Rx_PixelToByte" portRef="txfr_req_o"/>
                <ipxact:externalPortReference portRef="txfr_req_o"/>
            </ipxact:portReferences>
        </ipxact:adHocConnection>
        <ipxact:adHocConnection>
            <ipxact:name>Rx_PixelToByte.byte_en_o</ipxact:name>
            <ipxact:portReferences>
                <ipxact:internalPortReference componentRef="Rx_PixelToByte" portRef="byte_en_o"/>
                <ipxact:externalPortReference portRef="byte_en_o"/>
            </ipxact:portReferences>
        </ipxact:adHocConnection>
        <ipxact:adHocConnection>
            <ipxact:name>Rx_PixelToByte.byte_data_o</ipxact:name>
            <ipxact:portReferences>
                <ipxact:internalPortReference componentRef="Rx_PixelToByte" portRef="byte_data_o"/>
                <ipxact:externalPortReference portRef="byte_data_o">
                    <ipxact:partSelect>
                        <ipxact:range>
                            <ipxact:left>31</ipxact:left>
                            <ipxact:right>0</ipxact:right>
                        </ipxact:range>
                    </ipxact:partSelect>
                </ipxact:externalPortReference>
            </ipxact:portReferences>
        </ipxact:adHocConnection>
        <ipxact:adHocConnection>
            <ipxact:name>Rx_PixelToByte.data_type_o</ipxact:name>
            <ipxact:portReferences>
                <ipxact:internalPortReference componentRef="Rx_PixelToByte" portRef="data_type_o"/>
                <ipxact:externalPortReference portRef="data_type_o">
                    <ipxact:partSelect>
                        <ipxact:range>
                            <ipxact:left>5</ipxact:left>
                            <ipxact:right>0</ipxact:right>
                        </ipxact:range>
                    </ipxact:partSelect>
                </ipxact:externalPortReference>
            </ipxact:portReferences>
        </ipxact:adHocConnection>
    </ipxact:adHocConnections>
</ipxact:design>
