<?xml version="1.0" ?>
<ipxact:component xmlns:ipxact="http://www.accellera.org/XMLSchema/IPXACT/1685-2014" xmlns:lattice="http://www.latticesemi.com/lattice" xmlns:lsccip="http://www.latticesemi.com/XMLSchema/Radiant/ip">
    <ipxact:vendor>latticesemi.com</ipxact:vendor>
    <ipxact:library>ip</ipxact:library>
    <ipxact:name>Tx_MIPI_CSI2</ipxact:name>
    <ipxact:version>1.4.0</ipxact:version>
    <ipxact:model>
        <ipxact:instantiations>
            <ipxact:componentInstantiation>
                <ipxact:name>Tx_MIPI_CSI2</ipxact:name>
            </ipxact:componentInstantiation>
            <ipxact:designInstantiation>
                <ipxact:name>Tx_MIPI_CSI2_design</ipxact:name>
                <ipxact:designRef library="ip" name="Tx_MIPI_CSI2" vendor="latticesemi.com" version="1.4.0"/>
            </ipxact:designInstantiation>
        </ipxact:instantiations>
        <ipxact:ports>
            <ipxact:port>
                <ipxact:name>ref_clk_i</ipxact:name>
                <ipxact:displayName>ref_clk_i</ipxact:displayName>
                <ipxact:wire>
                    <ipxact:direction>in</ipxact:direction>
                </ipxact:wire>
            </ipxact:port>
            <ipxact:port>
                <ipxact:name>reset_n_i</ipxact:name>
                <ipxact:displayName>reset_n_i</ipxact:displayName>
                <ipxact:wire>
                    <ipxact:direction>in</ipxact:direction>
                </ipxact:wire>
            </ipxact:port>
            <ipxact:port>
                <ipxact:name>usrstdby_i</ipxact:name>
                <ipxact:displayName>usrstdby_i</ipxact:displayName>
                <ipxact:wire>
                    <ipxact:direction>in</ipxact:direction>
                </ipxact:wire>
            </ipxact:port>
            <ipxact:port>
                <ipxact:name>pd_dphy_i</ipxact:name>
                <ipxact:displayName>pd_dphy_i</ipxact:displayName>
                <ipxact:wire>
                    <ipxact:direction>in</ipxact:direction>
                </ipxact:wire>
            </ipxact:port>
            <ipxact:port>
                <ipxact:name>byte_or_pkt_data_i</ipxact:name>
                <ipxact:displayName>byte_or_pkt_data_i</ipxact:displayName>
                <ipxact:wire>
                    <ipxact:direction>in</ipxact:direction>
                    <ipxact:vectors>
                        <ipxact:vector>
                            <ipxact:left>31</ipxact:left>
                            <ipxact:right>0</ipxact:right>
                        </ipxact:vector>
                    </ipxact:vectors>
                </ipxact:wire>
            </ipxact:port>
            <ipxact:port>
                <ipxact:name>byte_or_pkt_data_en_i</ipxact:name>
                <ipxact:displayName>byte_or_pkt_data_en_i</ipxact:displayName>
                <ipxact:wire>
                    <ipxact:direction>in</ipxact:direction>
                </ipxact:wire>
            </ipxact:port>
            <ipxact:port>
                <ipxact:name>ready_o</ipxact:name>
                <ipxact:displayName>ready_o</ipxact:displayName>
                <ipxact:wire>
                    <ipxact:direction>out</ipxact:direction>
                </ipxact:wire>
            </ipxact:port>
            <ipxact:port>
                <ipxact:name>vc_i</ipxact:name>
                <ipxact:displayName>vc_i</ipxact:displayName>
                <ipxact:wire>
                    <ipxact:direction>in</ipxact:direction>
                    <ipxact:vectors>
                        <ipxact:vector>
                            <ipxact:left>1</ipxact:left>
                            <ipxact:right>0</ipxact:right>
                        </ipxact:vector>
                    </ipxact:vectors>
                </ipxact:wire>
            </ipxact:port>
            <ipxact:port>
                <ipxact:name>dt_i</ipxact:name>
                <ipxact:displayName>dt_i</ipxact:displayName>
                <ipxact:wire>
                    <ipxact:direction>in</ipxact:direction>
                    <ipxact:vectors>
                        <ipxact:vector>
                            <ipxact:left>5</ipxact:left>
                            <ipxact:right>0</ipxact:right>
                        </ipxact:vector>
                    </ipxact:vectors>
                </ipxact:wire>
            </ipxact:port>
            <ipxact:port>
                <ipxact:name>wc_i</ipxact:name>
                <ipxact:displayName>wc_i</ipxact:displayName>
                <ipxact:wire>
                    <ipxact:direction>in</ipxact:direction>
                    <ipxact:vectors>
                        <ipxact:vector>
                            <ipxact:left>15</ipxact:left>
                            <ipxact:right>0</ipxact:right>
                        </ipxact:vector>
                    </ipxact:vectors>
                </ipxact:wire>
            </ipxact:port>
            <ipxact:port>
                <ipxact:name>clk_hs_en_i</ipxact:name>
                <ipxact:displayName>clk_hs_en_i</ipxact:displayName>
                <ipxact:wire>
                    <ipxact:direction>in</ipxact:direction>
                </ipxact:wire>
            </ipxact:port>
            <ipxact:port>
                <ipxact:name>d_hs_en_i</ipxact:name>
                <ipxact:displayName>d_hs_en_i</ipxact:displayName>
                <ipxact:wire>
                    <ipxact:direction>in</ipxact:direction>
                </ipxact:wire>
            </ipxact:port>
            <ipxact:port>
                <ipxact:name>tinit_done_o</ipxact:name>
                <ipxact:displayName>tinit_done_o</ipxact:displayName>
                <ipxact:wire>
                    <ipxact:direction>out</ipxact:direction>
                </ipxact:wire>
            </ipxact:port>
            <ipxact:port>
                <ipxact:name>pll_lock_o</ipxact:name>
                <ipxact:displayName>pll_lock_o</ipxact:displayName>
                <ipxact:wire>
                    <ipxact:direction>out</ipxact:direction>
                </ipxact:wire>
            </ipxact:port>
            <ipxact:port>
                <ipxact:name>pix2byte_rstn_o</ipxact:name>
                <ipxact:displayName>pix2byte_rstn_o</ipxact:displayName>
                <ipxact:wire>
                    <ipxact:direction>out</ipxact:direction>
                </ipxact:wire>
            </ipxact:port>
            <ipxact:port>
                <ipxact:name>pkt_format_ready_o</ipxact:name>
                <ipxact:displayName>pkt_format_ready_o</ipxact:displayName>
                <ipxact:wire>
                    <ipxact:direction>out</ipxact:direction>
                </ipxact:wire>
            </ipxact:port>
            <ipxact:port>
                <ipxact:name>d_hs_rdy_o</ipxact:name>
                <ipxact:displayName>d_hs_rdy_o</ipxact:displayName>
                <ipxact:wire>
                    <ipxact:direction>out</ipxact:direction>
                </ipxact:wire>
            </ipxact:port>
            <ipxact:port>
                <ipxact:name>byte_clk_o</ipxact:name>
                <ipxact:displayName>byte_clk_o</ipxact:displayName>
                <ipxact:wire>
                    <ipxact:direction>out</ipxact:direction>
                </ipxact:wire>
            </ipxact:port>
            <ipxact:port>
                <ipxact:name>c2d_ready_o</ipxact:name>
                <ipxact:displayName>c2d_ready_o</ipxact:displayName>
                <ipxact:wire>
                    <ipxact:direction>out</ipxact:direction>
                </ipxact:wire>
            </ipxact:port>
            <ipxact:port>
                <ipxact:name>phdr_xfr_done_o</ipxact:name>
                <ipxact:displayName>phdr_xfr_done_o</ipxact:displayName>
                <ipxact:wire>
                    <ipxact:direction>out</ipxact:direction>
                </ipxact:wire>
            </ipxact:port>
            <ipxact:port>
                <ipxact:name>ld_pyld_o</ipxact:name>
                <ipxact:displayName>ld_pyld_o</ipxact:displayName>
                <ipxact:wire>
                    <ipxact:direction>out</ipxact:direction>
                </ipxact:wire>
            </ipxact:port>
            <ipxact:port>
                <ipxact:name>clk_p_io</ipxact:name>
                <ipxact:displayName>clk_p_io</ipxact:displayName>
                <ipxact:wire>
                    <ipxact:direction>inout</ipxact:direction>
                </ipxact:wire>
            </ipxact:port>
            <ipxact:port>
                <ipxact:name>clk_n_io</ipxact:name>
                <ipxact:displayName>clk_n_io</ipxact:displayName>
                <ipxact:wire>
                    <ipxact:direction>inout</ipxact:direction>
                </ipxact:wire>
            </ipxact:port>
            <ipxact:port>
                <ipxact:name>d_p_io</ipxact:name>
                <ipxact:displayName>d_p_io</ipxact:displayName>
                <ipxact:wire>
                    <ipxact:direction>inout</ipxact:direction>
                    <ipxact:vectors>
                        <ipxact:vector>
                            <ipxact:left>3</ipxact:left>
                            <ipxact:right>0</ipxact:right>
                        </ipxact:vector>
                    </ipxact:vectors>
                </ipxact:wire>
            </ipxact:port>
            <ipxact:port>
                <ipxact:name>d_n_io</ipxact:name>
                <ipxact:displayName>d_n_io</ipxact:displayName>
                <ipxact:wire>
                    <ipxact:direction>inout</ipxact:direction>
                    <ipxact:vectors>
                        <ipxact:vector>
                            <ipxact:left>3</ipxact:left>
                            <ipxact:right>0</ipxact:right>
                        </ipxact:vector>
                    </ipxact:vectors>
                </ipxact:wire>
            </ipxact:port>
            <ipxact:port>
                <ipxact:name>sp_en_i</ipxact:name>
                <ipxact:displayName>sp_en_i</ipxact:displayName>
                <ipxact:wire>
                    <ipxact:direction>in</ipxact:direction>
                </ipxact:wire>
            </ipxact:port>
            <ipxact:port>
                <ipxact:name>lp_en_i</ipxact:name>
                <ipxact:displayName>lp_en_i</ipxact:displayName>
                <ipxact:wire>
                    <ipxact:direction>in</ipxact:direction>
                </ipxact:wire>
            </ipxact:port>
        </ipxact:ports>
    </ipxact:model>
    <ipxact:fileSets>
        <ipxact:fileSet>
            <ipxact:name>ipx_file_list</ipxact:name>
            <ipxact:file>
                <ipxact:name>rtl/Tx_MIPI_CSI2_bb.v</ipxact:name>
                <ipxact:fileType user="black_box_verilog">user</ipxact:fileType>
            </ipxact:file>
            <ipxact:file>
                <ipxact:name>Tx_MIPI_CSI2.cfg</ipxact:name>
                <ipxact:fileType user="cfg">user</ipxact:fileType>
            </ipxact:file>
            <ipxact:file>
                <ipxact:name>misc/Tx_MIPI_CSI2_tmpl.v</ipxact:name>
                <ipxact:fileType user="template_verilog">user</ipxact:fileType>
            </ipxact:file>
            <ipxact:file>
                <ipxact:name>misc/Tx_MIPI_CSI2_tmpl.vhd</ipxact:name>
                <ipxact:fileType user="template_vhdl">user</ipxact:fileType>
            </ipxact:file>
            <ipxact:file>
                <ipxact:name>rtl/Tx_MIPI_CSI2.v</ipxact:name>
                <ipxact:fileType user="top_level_verilog">user</ipxact:fileType>
            </ipxact:file>
            <ipxact:file>
                <ipxact:name>constraints/Tx_MIPI_CSI2.ldc</ipxact:name>
                <ipxact:fileType user="timing_constraints">user</ipxact:fileType>
            </ipxact:file>
            <ipxact:file>
                <ipxact:name>testbench/dut_params.v</ipxact:name>
                <ipxact:fileType user="dependency_file">user</ipxact:fileType>
            </ipxact:file>
            <ipxact:file>
                <ipxact:name>testbench/dut_inst.v</ipxact:name>
                <ipxact:fileType user="dependency_file">user</ipxact:fileType>
            </ipxact:file>
            <ipxact:file>
                <ipxact:name>design.xml</ipxact:name>
                <ipxact:fileType user="IP-XACT_design">user</ipxact:fileType>
            </ipxact:file>
            <ipxact:file>
                <ipxact:name>testbench/lscc_dphy_tx_model.v</ipxact:name>
                <ipxact:fileType user="testbench_verilog">user</ipxact:fileType>
            </ipxact:file>
            <ipxact:file>
                <ipxact:name>testbench/rx_model.v</ipxact:name>
                <ipxact:fileType user="testbench_verilog">user</ipxact:fileType>
            </ipxact:file>
            <ipxact:file>
                <ipxact:name>testbench/tb_top.v</ipxact:name>
                <ipxact:fileType user="testbench_verilog">user</ipxact:fileType>
            </ipxact:file>
        </ipxact:fileSet>
    </ipxact:fileSets>
    <ipxact:vendorExtensions>
        <lsccip:moduleRef lsccip:library="ip" lsccip:name="dphy_tx" lsccip:vendor="latticesemi.com" lsccip:version="1.4.0"/>
        <lsccip:deviceInfo>
            <lsccip:architecture>LIFCL</lsccip:architecture>
            <lsccip:device>LIFCL-17</lsccip:device>
            <lsccip:package>CSFBGA121</lsccip:package>
            <lsccip:performanceGrade>8_High-Performance_1.0V</lsccip:performanceGrade>
        </lsccip:deviceInfo>
        <lsccip:generationInfo>
            <lsccip:fileVersion>20180929</lsccip:fileVersion>
            <lsccip:createdTimestamp>2022 02 09 17:43:41</lsccip:createdTimestamp>
            <lsccip:radiantBuild>&quot;Lattice Radiant Software&quot; (64-bit) 3.1.0.43.2</lsccip:radiantBuild>
        </lsccip:generationInfo>
    </ipxact:vendorExtensions>
</ipxact:component>
